Document_No,Dominant_Topic,Topic_Perc_Contrib,Keywords,Text
0,Gaming and Contest,0.9346,"win, esport, internet, tn, enjoy, game, congratulation, winner, tournament, service","['forget', 'participate']"
1,Gaming and Contest,0.5702,"win, esport, internet, tn, enjoy, game, congratulation, winner, tournament, service","['win', 'gem', 'tv', 'cambodian', 'play', 'quiz', 'net', 'celebrate', 'present', 'day', 'trip', 'laptop', 'playstation', 'iphone', 'add', 'million', 'cash', 'fash', 'wait', 'mix', 'profit']"
2,Gaming and Contest,0.9166,"win, esport, internet, tn, enjoy, game, congratulation, winner, tournament, service",['winner']
3,Services and Offers,0.9715,"win, play, month, year, enter, internet, dinar, like, winner, mytt","['service', 'pass', 'roam', 'datum', 'dedicate', 'internet', 'travel', 'love', 'bash', 'check', 'stay', 'connecte']"
4,Services and Offers,0.9477,"win, play, month, year, enter, internet, dinar, like, winner, mytt","['personality', 'use', 'voice']"
5,Services and Offers,0.9711,"win, play, month, year, enter, internet, dinar, like, winner, mytt","['application', 'receette', 'recipe', 'bash', 'taste', 'classify', 'hand', 'download', 'app', 'play', 'store']"
6,Gaming and Contest,0.9663,"win, esport, internet, tn, enjoy, game, congratulation, winner, tournament, service","['winner', 'telecharger', 'enjoy', 'discount', 'internet', 'forfait', 'rid', 'debit', 'card']"
7,Others,0.5,"win, esport, internet, tn, enjoy, game, congratulation, winner, tournament, service",[]
8,Gaming and Contest,0.974,"win, esport, internet, tn, enjoy, game, congratulation, winner, tournament, service","['travel', 'like', 'stay', 'connecte', 'tunis', 'telecom', 'forfait', 'helmet', 'dinar', 'travel', 'price', 'cambodian', 'choose', 'pass', 'roam', 'datum']"
9,Services and Offers,0.9664,"win, play, month, year, enter, internet, dinar, like, winner, mytt","['wheel', 'play', 'win', 'cash', 'gift', 'https', 'onelink', 'appli', 'win', 'play']"
10,Services and Offers,0.9369,"win, play, month, year, enter, internet, dinar, like, winner, mytt","['pop', 'share']"
11,Gaming and Contest,0.9734,"win, esport, internet, tn, enjoy, game, congratulation, winner, tournament, service","['progress', 'understand', 'health', 'thing', 'world', 'improve', 'health', 'service', 'tower', 'tip', 'specialist', 'field', 'combo', 'enjoy', 'day', 'blush']"
12,Services and Offers,0.9691,"win, play, month, year, enter, internet, dinar, like, winner, mytt","['debit', 'good', 'adsl', 'debit', 'bash', 'reach', 'price', 'st', 'information', 'link', 'bit']"
13,Gaming and Contest,0.9677,"win, esport, internet, tn, enjoy, game, congratulation, winner, tournament, service","['esport', 'tn', 'plug', 'win', 'coin', 'exchange', 'وequipement', 'game', 'fun']"
14,Services and Offers,0.965,"win, play, month, year, enter, internet, dinar, like, winner, mytt","['know', 'joy', 'enter', 'com', 'try', 'culture', 'win', 'month']"
15,Services and Offers,0.9167,"win, play, month, year, enter, internet, dinar, like, winner, mytt",['tangmashi']
16,Gaming and Contest,0.9605,"win, esport, internet, tn, enjoy, game, congratulation, winner, tournament, service","['increase', 'knowledge', 'day', 'enjoy', 'udaily', 'service']"
17,Gaming and Contest,0.9526,"win, esport, internet, tn, enjoy, game, congratulation, winner, tournament, service","['turn', 'meow', 'connect', 'internet']"
18,Services and Offers,0.9468,"win, play, month, year, enter, internet, dinar, like, winner, mytt","['tell', 'program', 'month']"
19,Gaming and Contest,0.9679,"win, esport, internet, tn, enjoy, game, congratulation, winner, tournament, service","['internet', 'joker', 'enter', 'simulator', 'appli', 'mytt', 'choose', 'internet', 'forfait', 'help']"
20,Services and Offers,0.9469,"win, play, month, year, enter, internet, dinar, like, winner, mytt","['country', 'progress', 'year']"
21,Services and Offers,0.9601,"win, play, month, year, enter, internet, dinar, like, winner, mytt","['word', 'word', 'come', 'enter', 'lottery', 'win', 'game', 'score']"
22,Gaming and Contest,0.9366,"win, esport, internet, tn, enjoy, game, congratulation, winner, tournament, service","['shakun', 'come']"
23,Gaming and Contest,0.9641,"win, esport, internet, tn, enjoy, game, congratulation, winner, tournament, service","['song', 'dattente', 'service', 'choose', 'song', 'like', 'sheikh', 'talk', 'music']"
24,Gaming and Contest,0.9585,"win, esport, internet, tn, enjoy, game, congratulation, winner, tournament, service","['tag', 'friend', 'pull', 'listen', 'music']"
25,Services and Offers,0.9532,"win, play, month, year, enter, internet, dinar, like, winner, mytt","['internet', 'like', 'share', 'number']"
26,Services and Offers,0.9721,"win, play, month, year, enter, internet, dinar, like, winner, mytt","['participate', 'challenge', 'flip', 'use', 'bande', 'sonore', 'check', 'tunisie', 'telecom', 'danceislife', 'tiktok', 'https', 'tiktok', 'com', 'tunisie', 'telecom']"
27,Services and Offers,0.9475,"win, play, month, year, enter, internet, dinar, like, winner, mytt","['manage', 'use', 'program']"
28,Services and Offers,0.9681,"win, play, month, year, enter, internet, dinar, like, winner, mytt","['like', 'win', 'month', 'participate', 'saga', 'quiz', 'answer', 'question', 'celebrate', 'win']"
29,Services and Offers,0.9597,"win, play, month, year, enter, internet, dinar, like, winner, mytt","['congratulation', 'winner', 'win', 'case', 'dinar', 'magasin']"
30,Gaming and Contest,0.9694,"win, esport, internet, tn, enjoy, game, congratulation, winner, tournament, service","['service', 'walk', 'win', 'walk', 'earn', 'point', 'win', 'bon', 'month', 'combo', 'enjoy', 'day', 'telecharge', 'application', 'honey']"
31,Gaming and Contest,0.9608,"win, esport, internet, tn, enjoy, game, congratulation, winner, tournament, service","['play', 'win', 'plaza', 'come', 'win', 'million', 'enter']"
32,Gaming and Contest,0.9677,"win, esport, internet, tn, enjoy, game, congratulation, winner, tournament, service","['esport', 'tn', 'plug', 'win', 'coin', 'exchange', 'وequipement', 'game', 'fun']"
33,Services and Offers,0.954,"win, play, month, year, enter, internet, dinar, like, winner, mytt","['shakun', 'speak', 'look', 'galaxy']"
34,Gaming and Contest,0.9336,"win, esport, internet, tn, enjoy, game, congratulation, winner, tournament, service","['substitute', 'internet']"
35,Services and Offers,0.9311,"win, play, month, year, enter, internet, dinar, like, winner, mytt","['turn', 'win']"
36,Services and Offers,0.9698,"win, play, month, year, enter, internet, dinar, like, winner, mytt","['lesson', 'exercise', 'include', 'fix', 'revision', 'child', 'service', 'code', 'log', 'com']"
37,Services and Offers,0.9664,"win, play, month, year, enter, internet, dinar, like, winner, mytt","['wheel', 'play', 'win', 'cash', 'gift', 'https', 'onelink', 'appli', 'win', 'play']"
38,Services and Offers,0.9369,"win, play, month, year, enter, internet, dinar, like, winner, mytt","['pop', 'share']"
39,Gaming and Contest,0.9734,"win, esport, internet, tn, enjoy, game, congratulation, winner, tournament, service","['progress', 'understand', 'health', 'thing', 'world', 'improve', 'health', 'service', 'tower', 'tip', 'specialist', 'field', 'combo', 'enjoy', 'day', 'blush']"
40,Services and Offers,0.9691,"win, play, month, year, enter, internet, dinar, like, winner, mytt","['debit', 'good', 'adsl', 'debit', 'bash', 'reach', 'price', 'st', 'information', 'link', 'bit']"
41,Gaming and Contest,0.9677,"win, esport, internet, tn, enjoy, game, congratulation, winner, tournament, service","['esport', 'tn', 'plug', 'win', 'coin', 'exchange', 'وequipement', 'game', 'fun']"
42,Gaming and Contest,0.9639,"win, esport, internet, tn, enjoy, game, congratulation, winner, tournament, service","['play', 'pro', 'win', 'play', 'esport', 'win', 'gaming', 'equipment', 'gift']"
43,Gaming and Contest,0.9655,"win, esport, internet, tn, enjoy, game, congratulation, winner, tournament, service","['meet', 'dance', 'follow', 'event', 'year', 'bash', 'tafbri', 'artist', 'mondo', 'dance']"
44,Gaming and Contest,0.9466,"win, esport, internet, tn, enjoy, game, congratulation, winner, tournament, service","['know', 'weight', 'phone']"
45,Services and Offers,0.9619,"win, play, month, year, enter, internet, dinar, like, winner, mytt","['win', 'chenchina', 'play', 'past', 'winner', 'profit', 'month']"
46,Gaming and Contest,0.9582,"win, esport, internet, tn, enjoy, game, congratulation, winner, tournament, service","['sleeples', 'eye', 'women', 'affair', 'answer']"
47,Gaming and Contest,0.9662,"win, esport, internet, tn, enjoy, game, congratulation, winner, tournament, service","['wire', 'combo', 'enjoy', 'advance', 'dinar', 'stay', 'network', 'number']"
48,Gaming and Contest,0.9614,"win, esport, internet, tn, enjoy, game, congratulation, winner, tournament, service","['combozi', 'choose', 'forfait', 'internet', 'connect', 'network']"
49,Gaming and Contest,0.9342,"win, esport, internet, tn, enjoy, game, congratulation, winner, tournament, service","['think', 'service']"
50,Gaming and Contest,0.9691,"win, esport, internet, tn, enjoy, game, congratulation, winner, tournament, service","['download', 'appli', 'mytt', 'enjoy', 'discount', 'internet', 'package', 'pay', 'bank', 'card']"
51,Gaming and Contest,0.938,"win, esport, internet, tn, enjoy, game, congratulation, winner, tournament, service","['series', 'want']"
52,Services and Offers,0.9619,"win, play, month, year, enter, internet, dinar, like, winner, mytt","['telecom', 'recharge', 'appli', 'mytt', 'enjoy', 'onelink']"
53,Services and Offers,0.942,"win, play, month, year, enter, internet, dinar, like, winner, mytt","['follow', 'stalk', 'win']"
54,Gaming and Contest,0.9608,"win, esport, internet, tn, enjoy, game, congratulation, winner, tournament, service","['play', 'win', 'plaza', 'come', 'win', 'million', 'enter']"
55,Services and Offers,0.9569,"win, play, month, year, enter, internet, dinar, like, winner, mytt","['village', 'denfant', 'child', 'sm', 'dinar']"
56,Gaming and Contest,0.947,"win, esport, internet, tn, enjoy, game, congratulation, winner, tournament, service","['hear', 'talent', 'fun']"
57,Gaming and Contest,0.9598,"win, esport, internet, tn, enjoy, game, congratulation, winner, tournament, service","['congratulation', 'winner', 'win', 'case', 'عزيزة', 'magasin']"
58,Gaming and Contest,0.9374,"win, esport, internet, tn, enjoy, game, congratulation, winner, tournament, service","['wish', 'return']"
59,Services and Offers,0.9377,"win, play, month, year, enter, internet, dinar, like, winner, mytt","['atmosphere', 'program']"
60,Gaming and Contest,0.9574,"win, esport, internet, tn, enjoy, game, congratulation, winner, tournament, service","['live', 'forfait', 'debit', 'card', 'onelink']"
61,Services and Offers,0.9364,"win, play, month, year, enter, internet, dinar, like, winner, mytt","['turn', 'cooperate']"
62,Services and Offers,0.9601,"win, play, month, year, enter, internet, dinar, like, winner, mytt","['word', 'word', 'come', 'enter', 'lottery', 'win', 'game', 'score']"
63,Gaming and Contest,0.9336,"win, esport, internet, tn, enjoy, game, congratulation, winner, tournament, service","['substitute', 'internet']"
64,Gaming and Contest,0.9658,"win, esport, internet, tn, enjoy, game, congratulation, winner, tournament, service","['know', 'eat', 'spend', 'day', 'comfortably', 'add', 'course', 'service']"
65,Services and Offers,0.9688,"win, play, month, year, enter, internet, dinar, like, winner, mytt","['work', 'eyai', 'hadranet', 'tt', 'kampuzi', 'choose', 'option', 'option', 'mixte', 'freedom', 'term']"
66,Gaming and Contest,0.9631,"win, esport, internet, tn, enjoy, game, congratulation, winner, tournament, service","['congratulation', 'waffi', 'client', 'win', 'case', 'عزيزة', 'magasin']"
67,Gaming and Contest,0.9661,"win, esport, internet, tn, enjoy, game, congratulation, winner, tournament, service","['validite', 'pleasure', 'waste', 'internet', 'use', 'internet', 'extend', 'day', 'start']"
68,Services and Offers,0.9688,"win, play, month, year, enter, internet, dinar, like, winner, mytt","['work', 'eyai', 'hadranet', 'tt', 'kampuzi', 'choose', 'option', 'option', 'mixte', 'freedom', 'term']"
69,Gaming and Contest,0.9631,"win, esport, internet, tn, enjoy, game, congratulation, winner, tournament, service","['congratulation', 'waffi', 'client', 'win', 'case', 'عزيزة', 'magasin']"
70,Gaming and Contest,0.9661,"win, esport, internet, tn, enjoy, game, congratulation, winner, tournament, service","['validite', 'pleasure', 'waste', 'internet', 'use', 'internet', 'extend', 'day', 'start']"
71,Gaming and Contest,0.9658,"win, esport, internet, tn, enjoy, game, congratulation, winner, tournament, service","['know', 'eat', 'spend', 'day', 'comfortably', 'add', 'course', 'service']"
72,Services and Offers,0.9688,"win, play, month, year, enter, internet, dinar, like, winner, mytt","['work', 'eyai', 'hadranet', 'tt', 'kampuzi', 'choose', 'option', 'option', 'mixte', 'freedom', 'term']"
73,Gaming and Contest,0.9631,"win, esport, internet, tn, enjoy, game, congratulation, winner, tournament, service","['congratulation', 'waffi', 'client', 'win', 'case', 'عزيزة', 'magasin']"
74,Gaming and Contest,0.9661,"win, esport, internet, tn, enjoy, game, congratulation, winner, tournament, service","['validite', 'pleasure', 'waste', 'internet', 'use', 'internet', 'extend', 'day', 'start']"
75,Gaming and Contest,0.9744,"win, esport, internet, tn, enjoy, game, congratulation, winner, tournament, service","['learn', 'time', 'waffi', 'subscription', 'client', 'win', 'case', 'dinar', 'spend', 'magasin', 'installation', 'les', 'debit', 'start', 'mo']"
76,Services and Offers,0.975,"win, play, month, year, enter, internet, dinar, like, winner, mytt","['congratulation', 'winner', 'game', 'recharge', 'data', 'activation', 'enter', 'bash', 'spin', 'wheel', 'win', 'recharge', 'smartphone', 'cash', 'year', 'profit', 'play', 'mytt']"
77,Gaming and Contest,0.9674,"win, esport, internet, tn, enjoy, game, congratulation, winner, tournament, service","['breathe', 'internet', 'waffi', 'add', 'installation', 'les', 'debit', 'start', 'على']"
78,Services and Offers,0.9585,"win, play, month, year, enter, internet, dinar, like, winner, mytt","['fibre', 'issue', 'waffi', 'win', 'recharge', 'dinar']"
79,Gaming and Contest,0.9716,"win, esport, internet, tn, enjoy, game, congratulation, winner, tournament, service","['breathe', 'internet', 'time', 'waffi', 'deja', 'abonne', 'client', 'win', 'case', 'spend', 'عزيزة', 'magasin']"
80,Services and Offers,0.9531,"win, play, month, year, enter, internet, dinar, like, winner, mytt","['enter', 'mytt', 'win', 'play']"
81,Gaming and Contest,0.9684,"win, esport, internet, tn, enjoy, game, congratulation, winner, tournament, service","['tell', 'joke', 'eyai', 'commentary', 'wish', 'star', 'laugh', 'splash', 'accessory']"
82,Services and Offers,0.9666,"win, play, month, year, enter, internet, dinar, like, winner, mytt","['congratulation', 'win', 'wheel', 'mytt', 'enter', 'mytt', 'play', 'wheel', 'win', 'recharge', 'smartphone', 'cash']"
83,Services and Offers,0.963,"win, play, month, year, enter, internet, dinar, like, winner, mytt","['play', 'win', 'mytt', 'profit', 'play', 'game', 'http', 'onelink']"
84,Gaming and Contest,0.9639,"win, esport, internet, tn, enjoy, game, congratulation, winner, tournament, service","['congratulation', 'winner', 'participate', 'win', 'esport', 'tournament', 'tn']"
85,Services and Offers,0.9674,"win, play, month, year, enter, internet, dinar, like, winner, mytt","['breathe', 'internet', 'know', 'bank', 'card', 'mytt', 'dinar', 'month', 'onelink']"
86,Gaming and Contest,0.9481,"win, esport, internet, tn, enjoy, game, congratulation, winner, tournament, service","['photo', 'represent', 'joy']"
87,Services and Offers,0.9609,"win, play, month, year, enter, internet, dinar, like, winner, mytt","['fibre', 'rapido', 'choose', 'today', 'dinar', 'month']"
88,Services and Offers,0.9703,"win, play, month, year, enter, internet, dinar, like, winner, mytt","['breathe', 'internet', 'know', 'tunis', 'crown', 'year', 'rizo', 'ask', 'accept', 'puce', 'اربعة_بلاش']"
89,Services and Offers,0.966,"win, play, month, year, enter, internet, dinar, like, winner, mytt","['breathe', 'internet', 'enjoy', 'internet', 'connection', 'puce', 'helmet', 'space', 'minute']"
90,Services and Offers,0.9512,"win, play, month, year, enter, internet, dinar, like, winner, mytt","['word', 'win', 'recharge', 'dinar']"
91,Gaming and Contest,0.9482,"win, esport, internet, tn, enjoy, game, congratulation, winner, tournament, service","['memory', 'martyr', 'homeland']"
92,Gaming and Contest,0.9684,"win, esport, internet, tn, enjoy, game, congratulation, winner, tournament, service","['tell', 'joke', 'eyai', 'commentary', 'wish', 'star', 'laugh', 'splash', 'accessory']"
93,Services and Offers,0.9666,"win, play, month, year, enter, internet, dinar, like, winner, mytt","['congratulation', 'win', 'wheel', 'mytt', 'enter', 'mytt', 'play', 'wheel', 'win', 'recharge', 'smartphone', 'cash']"
94,Services and Offers,0.9538,"win, play, month, year, enter, internet, dinar, like, winner, mytt","['title', 'movie', 'win', 'recharge', 'dinar']"
95,Gaming and Contest,0.975,"win, esport, internet, tn, enjoy, game, congratulation, winner, tournament, service","['know', 'tunisian', 'travel', 'like', 'stay', 'contact', 'reassure', 'congratulate', 'love', 'omra', 'enjoy', 'forfait', 'internet', 'en', 'roam', 'offer']"
96,Services and Offers,0.9582,"win, play, month, year, enter, internet, dinar, like, winner, mytt","['offer', 'fit', 'code', 'win', 'recharge', 'dinar']"
97,Services and Offers,0.9727,"win, play, month, year, enter, internet, dinar, like, winner, mytt","['love', 'gossip', 'internet', 'breathe', 'activate', 'net', 'http', 'onelink', 'zgrf', 'tt', 'choose', 'option', 'suit']"
98,Gaming and Contest,0.9567,"win, esport, internet, tn, enjoy, game, congratulation, winner, tournament, service","['replace', 'intelligence', 'service', 'choose', 'serve']"
99,Gaming and Contest,0.9716,"win, esport, internet, tn, enjoy, game, congratulation, winner, tournament, service","['breathe', 'internet', 'time', 'waffi', 'deja', 'abonne', 'client', 'win', 'case', 'spend', 'عزيزة', 'magasin']"
100,Services and Offers,0.9531,"win, play, month, year, enter, internet, dinar, like, winner, mytt","['enter', 'mytt', 'win', 'play']"
101,Services and Offers,0.9445,"win, play, month, year, enter, internet, dinar, like, winner, mytt","['teleshergi', 'profit', 'play']"
102,Services and Offers,0.9715,"win, play, month, year, enter, internet, dinar, like, winner, mytt","['wait', 'raksha', 'subscriber', 'movie', 'series', 'internet', 'mil', 'day', 'mala', 'combezi', 'enjoy', 'day', 'blush']"
103,Gaming and Contest,0.9685,"win, esport, internet, tn, enjoy, game, congratulation, winner, tournament, service","['order', 'miss', 'wedding', 'raksha', 'day', 'combose', 'enjoy', 'day', 'offer', 'breathe', 'internet']"
104,Gaming and Contest,0.9763,"win, esport, internet, tn, enjoy, game, congratulation, winner, tournament, service","['telecom', 'enable', 'traveler', 'rest', 'assure', 'congratulate', 'love', 'campzio', 'bash', 'satisfy', 'pass', 'omra', 'enjoy', 'discount', 'forfait', 'internet', 'en', 'roam']"
105,Services and Offers,0.9683,"win, play, month, year, enter, internet, dinar, like, winner, mytt","['enjoy', 'validity', 'activate', 'package', 'appli', 'mytt', 'month', 'zgrf', 'ain', 'playing']"
106,Services and Offers,0.9167,"win, play, month, year, enter, internet, dinar, like, winner, mytt",['half']
107,Gaming and Contest,0.9677,"win, esport, internet, tn, enjoy, game, congratulation, winner, tournament, service","['esport', 'tn', 'plug', 'win', 'coin', 'exchange', 'وequipement', 'game', 'fun']"
108,Services and Offers,0.9609,"win, play, month, year, enter, internet, dinar, like, winner, mytt","['fibre', 'rapido', 'choose', 'today', 'dinar', 'month']"
109,Services and Offers,0.9691,"win, play, month, year, enter, internet, dinar, like, winner, mytt","['congratulation', 'winner', 'mytt', 'enter', 'mytt', 'play', 'wheel', 'win', 'recharge', 'smartphone', 'cash', 'win', 'play']"
110,Services and Offers,0.9628,"win, play, month, year, enter, internet, dinar, like, winner, mytt","['log', 'bash', 'play', 'win', 'gift', 'http', 'onelink']"
111,Services and Offers,0.9677,"win, play, month, year, enter, internet, dinar, like, winner, mytt","['charge', 'phone', 'activate', 'internet', 'winner', 'split', 'cash', 'reach', 'mallala']"
112,Services and Offers,0.5771,"win, play, month, year, enter, internet, dinar, like, winner, mytt","['telecharge', 'appli', 'mytt', 'charge', 'phone', 'activate', 'internet', 'exclusively', 'onelink', 'zgrf', 'winner', 'split', 'cash', 'reach', 'mallala']"
113,Services and Offers,0.9609,"win, play, month, year, enter, internet, dinar, like, winner, mytt","['fibre', 'rapido', 'choose', 'today', 'dinar', 'month']"
114,Services and Offers,0.9708,"win, play, month, year, enter, internet, dinar, like, winner, mytt","['charge', 'phone', 'activate', 'internet', 'onelink', 'zgrf', 'winner', 'split', 'cash', 'reach', 'mallala']"
115,Services and Offers,0.9659,"win, play, month, year, enter, internet, dinar, like, winner, mytt","['introduce', 'eyai', 'intelligence', 'breathing', 'internet', 'learn', 'accent', 'store']"
116,Gaming and Contest,0.9671,"win, esport, internet, tn, enjoy, game, congratulation, winner, tournament, service","['charge', 'phone', 'internet', 'especially', 'winner', 'split', 'cash', 'reach', 'mallala']"
117,Services and Offers,0.9659,"win, play, month, year, enter, internet, dinar, like, winner, mytt","['introduce', 'eyai', 'intelligence', 'breathing', 'internet', 'learn', 'accent', 'store']"
118,Services and Offers,0.9725,"win, play, month, year, enter, internet, dinar, like, winner, mytt","['year', 'game', 'profit', 'mytt', 'spin', 'wheel', 'win', 'recharge', 'telephone', 'cash', 'http', 'onelink', 'mallala']"
119,Gaming and Contest,0.9642,"win, esport, internet, tn, enjoy, game, congratulation, winner, tournament, service","['spin', 'wheel', 'mytt', 'win', 'recharge', 'telephone', 'cash', 'malala']"
120,Services and Offers,0.9756,"win, play, month, year, enter, internet, dinar, like, winner, mytt","['year', 'fun', 'enter', 'click', 'tt', 'win', 'play', 'spin', 'wheel', 'http', 'onelink', 'zgrf', 'charge', 'phone', 'dinar', 'forva', 'internet']"
121,Services and Offers,0.9608,"win, play, month, year, enter, internet, dinar, like, winner, mytt","['tunis', 'celebration', 'year', 'number', 'course', 'reseau']"
122,Gaming and Contest,0.9457,"win, esport, internet, tn, enjoy, game, congratulation, winner, tournament, service","['telecom', 'wish', 'bless']"
123,Services and Offers,0.965,"win, play, month, year, enter, internet, dinar, like, winner, mytt","['know', 'joy', 'enter', 'com', 'try', 'culture', 'win', 'month']"
124,Gaming and Contest,0.9667,"win, esport, internet, tn, enjoy, game, congratulation, winner, tournament, service","['congratulation', 'winner', 'participate', 'tournament', 'league', 'legend', 'platform', 'sport', 'bytt']"
125,Services and Offers,0.9711,"win, play, month, year, enter, internet, dinar, like, winner, mytt","['application', 'receette', 'recipe', 'bash', 'taste', 'classify', 'hand', 'download', 'app', 'play', 'store']"
126,Gaming and Contest,0.978,"win, esport, internet, tn, enjoy, game, congratulation, winner, tournament, service","['telecom', 'tawer', 'develop', 'cooperation', 'soul', 'build', 'idea', 'offer', 'content', 'tell', 'develop', 'soul', 'world', 'way', 'topic', 'story', 'wait', 'kampuzi', 'subscribe', 'improve', 'life', 'subscription', 'enjoy', 'day']"
127,Services and Offers,0.9541,"win, play, month, year, enter, internet, dinar, like, winner, mytt","['th', 'independence', 'anniversary', 'country']"
128,Services and Offers,0.938,"win, play, month, year, enter, internet, dinar, like, winner, mytt","['rank', 'work']"
129,Services and Offers,0.9681,"win, play, month, year, enter, internet, dinar, like, winner, mytt","['like', 'win', 'month', 'participate', 'saga', 'quiz', 'answer', 'question', 'celebrate', 'win']"
130,Services and Offers,0.972,"win, play, month, year, enter, internet, dinar, like, winner, mytt","['congratulation', 'winner', 'mytt', 'play', 'wheel', 'enter', 'lottery', 'win', 'smartphone', 'desا', 'cash', 'recharge', 'card']"
131,Gaming and Contest,0.9614,"win, esport, internet, tn, enjoy, game, congratulation, winner, tournament, service","['combozi', 'choose', 'forfait', 'internet', 'connect', 'network']"
132,Services and Offers,0.9167,"win, play, month, year, enter, internet, dinar, like, winner, mytt",['year']
133,Gaming and Contest,0.9537,"win, esport, internet, tn, enjoy, game, congratulation, winner, tournament, service","['let', 'watch', 'video', 'youtube']"
134,Gaming and Contest,0.9336,"win, esport, internet, tn, enjoy, game, congratulation, winner, tournament, service","['substitute', 'internet']"
135,Gaming and Contest,0.938,"win, esport, internet, tn, enjoy, game, congratulation, winner, tournament, service","['prediction', 'mar']"
136,Services and Offers,0.9698,"win, play, month, year, enter, internet, dinar, like, winner, mytt","['lesson', 'exercise', 'include', 'fix', 'revision', 'child', 'service', 'code', 'log', 'com']"
137,Gaming and Contest,0.9691,"win, esport, internet, tn, enjoy, game, congratulation, winner, tournament, service","['download', 'appli', 'mytt', 'enjoy', 'discount', 'internet', 'package', 'pay', 'bank', 'card']"
138,Gaming and Contest,0.9679,"win, esport, internet, tn, enjoy, game, congratulation, winner, tournament, service","['internet', 'joker', 'enter', 'simulator', 'appli', 'mytt', 'choose', 'internet', 'forfait', 'help']"
139,Services and Offers,0.9628,"win, play, month, year, enter, internet, dinar, like, winner, mytt","['connection', 'barca', 'internet', 'dinar', 'enjoy', 'activate', 'onelink']"
140,Services and Offers,0.9619,"win, play, month, year, enter, internet, dinar, like, winner, mytt","['telecom', 'recharge', 'appli', 'mytt', 'enjoy', 'onelink']"
141,Gaming and Contest,0.9608,"win, esport, internet, tn, enjoy, game, congratulation, winner, tournament, service","['play', 'win', 'plaza', 'come', 'win', 'million', 'enter']"
142,Services and Offers,0.9637,"win, play, month, year, enter, internet, dinar, like, winner, mytt","['offer', 'connection', 'account', 'internet', 'month', 'start', 'dinar']"
143,Services and Offers,0.9747,"win, play, month, year, enter, internet, dinar, like, winner, mytt","['tt', 'celebrate', 'gift', 'play', 'wheel', 'role', 'try', 'luck', 'win', 'cartا', 'cash', 'recharge', 'card', 'click', 'tt', 'link', 'zgrf']"
144,Gaming and Contest,0.9639,"win, esport, internet, tn, enjoy, game, congratulation, winner, tournament, service","['congratulation', 'winner', 'participate', 'win', 'esport', 'tournament', 'tn']"
145,Gaming and Contest,0.9737,"win, esport, internet, tn, enjoy, game, congratulation, winner, tournament, service","['offer', 'waffi', 'pay', 'receive', 'internet', 'debit', 'mah', 'hour', 'day', 'option', 'mobile', 'reach', 'divide', 'people']"
146,Services and Offers,0.9626,"win, play, month, year, enter, internet, dinar, like, winner, mytt","['like', 'win', 'horror', 'month', 'answer', 'question', 'hopefully']"
147,Services and Offers,0.9626,"win, play, month, year, enter, internet, dinar, like, winner, mytt","['congratulation', 'run', 'wheel', 'mytt', 'win', 'recharge', 'card']"
148,Services and Offers,0.963,"win, play, month, year, enter, internet, dinar, like, winner, mytt","['today', 'tell', 'internet', 'network', 'year', 'year', 'nperf', 'certificate']"
149,Gaming and Contest,0.6877,"win, esport, internet, tn, enjoy, game, congratulation, winner, tournament, service","['travel', 'like', 'stay', 'connecte', 'etisalat', 'bring', 'forfait', 'dinar', 'connect', 'price', 'cambodian', 'choose', 'pass', 'roam', 'datum']"
150,Services and Offers,0.9711,"win, play, month, year, enter, internet, dinar, like, winner, mytt","['tt', 'party', 'gift', 'enter', 'wheel', 'try', 'luck', 'win', 'smartphone', 'cash', 'carte', 'onelink']"
151,Gaming and Contest,0.9605,"win, esport, internet, tn, enjoy, game, congratulation, winner, tournament, service","['increase', 'knowledge', 'day', 'enjoy', 'udaily', 'service']"
152,Gaming and Contest,0.9476,"win, esport, internet, tn, enjoy, game, congratulation, winner, tournament, service","['sim', 'come', 'photography']"
153,Gaming and Contest,0.9526,"win, esport, internet, tn, enjoy, game, congratulation, winner, tournament, service","['turn', 'meow', 'connect', 'internet']"
154,Gaming and Contest,0.9677,"win, esport, internet, tn, enjoy, game, congratulation, winner, tournament, service","['esport', 'tn', 'plug', 'win', 'coin', 'exchange', 'وequipement', 'game', 'fun']"
155,Services and Offers,0.9688,"win, play, month, year, enter, internet, dinar, like, winner, mytt","['win', 'deux', 'ticket', 'choose', 'jazz', 'festival', 'evening', 'guest', 'program', 'instagram']"
156,Gaming and Contest,0.9641,"win, esport, internet, tn, enjoy, game, congratulation, winner, tournament, service","['song', 'dattente', 'service', 'choose', 'song', 'like', 'sheikh', 'talk', 'music']"
157,Gaming and Contest,0.9525,"win, esport, internet, tn, enjoy, game, congratulation, winner, tournament, service","['phone', 'come', 'ram', 'beat']"
158,Services and Offers,0.9532,"win, play, month, year, enter, internet, dinar, like, winner, mytt","['internet', 'like', 'share', 'number']"
159,Services and Offers,0.9363,"win, play, month, year, enter, internet, dinar, like, winner, mytt","['play', 'quiz']"
160,Gaming and Contest,0.9639,"win, esport, internet, tn, enjoy, game, congratulation, winner, tournament, service","['play', 'pro', 'win', 'play', 'esport', 'win', 'gaming', 'equipment', 'gift']"
161,Others,0.5,"win, esport, internet, tn, enjoy, game, congratulation, winner, tournament, service",[]
162,Services and Offers,0.9619,"win, play, month, year, enter, internet, dinar, like, winner, mytt","['win', 'chenchina', 'play', 'past', 'winner', 'profit', 'month']"
163,Gaming and Contest,0.9476,"win, esport, internet, tn, enjoy, game, congratulation, winner, tournament, service","['tag', 'friend', 'lose']"
164,Gaming and Contest,0.9662,"win, esport, internet, tn, enjoy, game, congratulation, winner, tournament, service","['wire', 'combo', 'enjoy', 'advance', 'dinar', 'stay', 'network', 'number']"
165,Gaming and Contest,0.9475,"win, esport, internet, tn, enjoy, game, congratulation, winner, tournament, service","['improve', 'photo', 'technique']"
166,Gaming and Contest,0.9737,"win, esport, internet, tn, enjoy, game, congratulation, winner, tournament, service","['offer', 'waffi', 'pay', 'receive', 'internet', 'debit', 'mah', 'hour', 'day', 'option', 'mobile', 'reach', 'divide', 'people']"
167,Services and Offers,0.9626,"win, play, month, year, enter, internet, dinar, like, winner, mytt","['like', 'win', 'horror', 'month', 'answer', 'question', 'hopefully']"
168,Services and Offers,0.9626,"win, play, month, year, enter, internet, dinar, like, winner, mytt","['congratulation', 'run', 'wheel', 'mytt', 'win', 'recharge', 'card']"
169,Services and Offers,0.9647,"win, play, month, year, enter, internet, dinar, like, winner, mytt","['congratulation', 'run', 'wheel', 'mytt', 'win', 'recharge', 'card', 'iphone']"
170,Services and Offers,0.7015,"win, play, month, year, enter, internet, dinar, like, winner, mytt","['hand', 'hand', 'present', 'giant', 'support', 'way', 'world', 'cup', 'encourage', 'basketball']"
171,Gaming and Contest,0.9728,"win, esport, internet, tn, enjoy, game, congratulation, winner, tournament, service","['listen', 'robot', 'love', 'place', 'turn', 'warap', 'listen', 'rap', 'day', 'hear', 'song', 'love', 'rap', 'scene', 'stream', 'lappli', 'honey']"
172,Services and Offers,0.9332,"win, play, month, year, enter, internet, dinar, like, winner, mytt","['service', 'activih']"
173,Gaming and Contest,0.978,"win, esport, internet, tn, enjoy, game, congratulation, winner, tournament, service","['telecom', 'tawer', 'develop', 'cooperation', 'soul', 'build', 'idea', 'offer', 'content', 'tell', 'develop', 'soul', 'world', 'way', 'topic', 'story', 'wait', 'kampuzi', 'subscribe', 'improve', 'life', 'subscription', 'enjoy', 'day']"
174,Gaming and Contest,0.9613,"win, esport, internet, tn, enjoy, game, congratulation, winner, tournament, service","['telecom', 'sponsor', 'race', 'encourage', 'challenge', 'determination', 'determination', 'participant']"
175,Gaming and Contest,0.9677,"win, esport, internet, tn, enjoy, game, congratulation, winner, tournament, service","['esport', 'tn', 'plug', 'win', 'coin', 'exchange', 'وequipement', 'game', 'fun']"
176,Services and Offers,0.9476,"win, play, month, year, enter, internet, dinar, like, winner, mytt","['talk', 'meaning', 'neighbor']"
177,Services and Offers,0.9725,"win, play, month, year, enter, internet, dinar, like, winner, mytt","['like', 'win', 'smartphone', 'enter', 'mytt', 'spin', 'wheel', 'try', 'luck', 'vizin', 'click', 'tt', 'zgrf']"
178,Gaming and Contest,0.9677,"win, esport, internet, tn, enjoy, game, congratulation, winner, tournament, service","['esport', 'tn', 'plug', 'win', 'coin', 'exchange', 'وequipement', 'game', 'fun']"
179,Services and Offers,0.9476,"win, play, month, year, enter, internet, dinar, like, winner, mytt","['talk', 'meaning', 'neighbor']"
180,Services and Offers,0.9725,"win, play, month, year, enter, internet, dinar, like, winner, mytt","['like', 'win', 'smartphone', 'enter', 'mytt', 'spin', 'wheel', 'try', 'luck', 'vizin', 'click', 'tt', 'zgrf']"
181,Services and Offers,0.947,"win, play, month, year, enter, internet, dinar, like, winner, mytt","['technology', 'lover', 'tell']"
182,Services and Offers,0.9714,"win, play, month, year, enter, internet, dinar, like, winner, mytt","['fibre', 'rapido', 'connect', 'connection', 'referral', 'friend', 'win', 'wifi', 'speaker', 'enjoy', 'offer', 'espace']"
183,Services and Offers,0.941,"win, play, month, year, enter, internet, dinar, like, winner, mytt","['play', 'tounsi', 'win']"
184,Services and Offers,0.9637,"win, play, month, year, enter, internet, dinar, like, winner, mytt","['offer', 'speak', 'account', 'communication', 'month', 'start', 'dinar']"
185,Services and Offers,0.9575,"win, play, month, year, enter, internet, dinar, like, winner, mytt","['congratulation', 'forfait', 'activa', 'internet', 'tt', 'win']"
186,Gaming and Contest,0.9683,"win, esport, internet, tn, enjoy, game, congratulation, winner, tournament, service","['internet', 'internet', 'wire', 'combo', 'enjoy', 'advance', 'access', 'stay', 'network', 'number']"
187,Gaming and Contest,0.9605,"win, esport, internet, tn, enjoy, game, congratulation, winner, tournament, service","['increase', 'knowledge', 'day', 'enjoy', 'udaily', 'service']"
188,Services and Offers,0.9722,"win, play, month, year, enter, internet, dinar, like, winner, mytt","['supporter', 'sport', 'athlete', 'year', 'tuni', 'half', 'partner', 'ulysse', 'edition', 'competitor', 'world', 'pull']"
189,Gaming and Contest,0.9679,"win, esport, internet, tn, enjoy, game, congratulation, winner, tournament, service","['internet', 'joker', 'enter', 'simulator', 'appli', 'mytt', 'choose', 'internet', 'forfait', 'help']"
190,Services and Offers,0.9656,"win, play, month, year, enter, internet, dinar, like, winner, mytt","['send', 'wd', 'enjoy', 'music', 'service', 'digster', 'day', 'subscription']"
191,Gaming and Contest,0.9533,"win, esport, internet, tn, enjoy, game, congratulation, winner, tournament, service","['shakun', 'pass', 'valentine', 'day']"
192,Gaming and Contest,0.9639,"win, esport, internet, tn, enjoy, game, congratulation, winner, tournament, service","['congratulation', 'winner', 'participate', 'win', 'esport', 'tournament', 'tn']"
193,Services and Offers,0.9722,"win, play, month, year, enter, internet, dinar, like, winner, mytt","['supporter', 'sport', 'athlete', 'year', 'tuni', 'half', 'partner', 'ulysse', 'edition', 'competitor', 'world', 'pull']"
194,Gaming and Contest,0.9679,"win, esport, internet, tn, enjoy, game, congratulation, winner, tournament, service","['internet', 'joker', 'enter', 'simulator', 'appli', 'mytt', 'choose', 'internet', 'forfait', 'help']"
195,Services and Offers,0.9656,"win, play, month, year, enter, internet, dinar, like, winner, mytt","['send', 'wd', 'enjoy', 'music', 'service', 'digster', 'day', 'subscription']"
196,Gaming and Contest,0.9533,"win, esport, internet, tn, enjoy, game, congratulation, winner, tournament, service","['shakun', 'pass', 'valentine', 'day']"
197,Gaming and Contest,0.9639,"win, esport, internet, tn, enjoy, game, congratulation, winner, tournament, service","['congratulation', 'winner', 'participate', 'win', 'esport', 'tournament', 'tn']"
198,Services and Offers,0.9379,"win, play, month, year, enter, internet, dinar, like, winner, mytt","['bartagio', 'read']"
199,Services and Offers,0.9716,"win, play, month, year, enter, internet, dinar, like, winner, mytt","['like', 'buy', 'internet', 'minute', 'price', 'mala', 'activate', 'loption', 'hadranet', 'enjoy', 'app', 'tt']"
200,Services and Offers,0.9532,"win, play, month, year, enter, internet, dinar, like, winner, mytt","['internet', 'like', 'share', 'number']"
201,Services and Offers,0.9548,"win, play, month, year, enter, internet, dinar, like, winner, mytt","['mayssa', 'valentine', 'day', 'win', 'love']"
202,Gaming and Contest,0.9337,"win, esport, internet, tn, enjoy, game, congratulation, winner, tournament, service","['ayman', 'win', 'win']"
203,Gaming and Contest,0.9677,"win, esport, internet, tn, enjoy, game, congratulation, winner, tournament, service","['esport', 'tn', 'plug', 'win', 'coin', 'exchange', 'وequipement', 'game', 'fun']"
204,Gaming and Contest,0.9337,"win, esport, internet, tn, enjoy, game, congratulation, winner, tournament, service","['ayman', 'win', 'win']"
205,Gaming and Contest,0.9691,"win, esport, internet, tn, enjoy, game, congratulation, winner, tournament, service","['download', 'appli', 'mytt', 'enjoy', 'discount', 'internet', 'package', 'pay', 'bank', 'card']"
206,Services and Offers,0.9665,"win, play, month, year, enter, internet, dinar, like, winner, mytt","['like', 'win', 'love', 'saint', 'valentine', 'day', 'internet', 'enter', 'lottery', 'win']"
207,Gaming and Contest,0.9619,"win, esport, internet, tn, enjoy, game, congratulation, winner, tournament, service","['participate', 'game', 'telecom', 'radio', 'winner', 'dinar', 'month']"
208,Services and Offers,0.9626,"win, play, month, year, enter, internet, dinar, like, winner, mytt","['combozi', 'bash', 'enjoy', 'number', 'vixx', 'number', 'phone', 'turkey']"
209,Gaming and Contest,0.9677,"win, esport, internet, tn, enjoy, game, congratulation, winner, tournament, service","['esport', 'tn', 'plug', 'win', 'coin', 'exchange', 'وequipement', 'game', 'fun']"
210,Gaming and Contest,0.9662,"win, esport, internet, tn, enjoy, game, congratulation, winner, tournament, service","['wire', 'combo', 'enjoy', 'advance', 'dinar', 'stay', 'network', 'number']"
211,Services and Offers,0.9681,"win, play, month, year, enter, internet, dinar, like, winner, mytt","['like', 'win', 'month', 'participate', 'saga', 'quiz', 'answer', 'question', 'celebrate', 'win']"
212,Gaming and Contest,0.9614,"win, esport, internet, tn, enjoy, game, congratulation, winner, tournament, service","['combozi', 'choose', 'forfait', 'internet', 'connect', 'network']"
213,Gaming and Contest,0.9682,"win, esport, internet, tn, enjoy, game, congratulation, winner, tournament, service","['tell', 'know', 'love', 'gracia', 'facebook', 'people', 'fail', 'relationship', 'star', 'tell']"
214,Gaming and Contest,0.9336,"win, esport, internet, tn, enjoy, game, congratulation, winner, tournament, service","['substitute', 'internet']"
215,Gaming and Contest,0.9581,"win, esport, internet, tn, enjoy, game, congratulation, winner, tournament, service","['phone', 'come', 'gram', 'win', 'phone', 'valentine', 'day']"
216,Services and Offers,0.9619,"win, play, month, year, enter, internet, dinar, like, winner, mytt","['telecom', 'recharge', 'appli', 'mytt', 'enjoy', 'onelink']"
217,Services and Offers,0.9663,"win, play, month, year, enter, internet, dinar, like, winner, mytt","['telecom', 'offer', 'exercise', 'https', 'www', 'tiktok', 'com', 'tunisie', 'telecom']"
218,Gaming and Contest,0.9608,"win, esport, internet, tn, enjoy, game, congratulation, winner, tournament, service","['play', 'win', 'plaza', 'come', 'win', 'million', 'enter']"
219,Gaming and Contest,0.9748,"win, esport, internet, tn, enjoy, game, congratulation, winner, tournament, service","['cheer', 'country', 'want', 'start', 'year', 'encourage', 'association', 'afreecan', 'way', 'support', 'future', 'child', 'appointment', 'facebook', 'com', 'afreecan', 'page', 'encourage', 'initiative']"
220,Gaming and Contest,0.9344,"win, esport, internet, tn, enjoy, game, congratulation, winner, tournament, service","['want', 'month']"
221,Services and Offers,0.9601,"win, play, month, year, enter, internet, dinar, like, winner, mytt","['word', 'word', 'come', 'enter', 'lottery', 'win', 'game', 'score']"
222,Gaming and Contest,0.9543,"win, esport, internet, tn, enjoy, game, congratulation, winner, tournament, service","['stay', 'talk', 'price', 'minute']"
223,Gaming and Contest,0.938,"win, esport, internet, tn, enjoy, game, congratulation, winner, tournament, service","['sim', 'photography']"
224,Gaming and Contest,0.9639,"win, esport, internet, tn, enjoy, game, congratulation, winner, tournament, service","['congratulation', 'winner', 'participate', 'win', 'esport', 'tournament', 'tn']"
225,Services and Offers,0.9729,"win, play, month, year, enter, internet, dinar, like, winner, mytt","['reviewing', 'child', 'play', 'service', 'come', 'lesson', 'exercise', 'include', 'improvement', 'activate', 'code', 'enter', 'com']"
226,Gaming and Contest,0.9378,"win, esport, internet, tn, enjoy, game, congratulation, winner, tournament, service","['linstrument', 'dream']"
227,Gaming and Contest,0.9455,"win, esport, internet, tn, enjoy, game, congratulation, winner, tournament, service","['enjoy', 'access', 'game']"
228,Services and Offers,0.9601,"win, play, month, year, enter, internet, dinar, like, winner, mytt","['word', 'word', 'come', 'enter', 'lottery', 'win', 'game', 'score']"
229,Services and Offers,0.9473,"win, play, month, year, enter, internet, dinar, like, winner, mytt","['connect', 'service', 'code']"
230,Services and Offers,0.9575,"win, play, month, year, enter, internet, dinar, like, winner, mytt","['instead', 'point', 'kelma', 'choose', 'gift']"
231,Gaming and Contest,0.9608,"win, esport, internet, tn, enjoy, game, congratulation, winner, tournament, service","['play', 'win', 'plaza', 'come', 'win', 'million', 'enter']"
232,Services and Offers,0.938,"win, play, month, year, enter, internet, dinar, like, winner, mytt","['rank', 'work']"
233,Others,0.5,"win, esport, internet, tn, enjoy, game, congratulation, winner, tournament, service",[]
234,Gaming and Contest,0.9677,"win, esport, internet, tn, enjoy, game, congratulation, winner, tournament, service","['esport', 'tn', 'plug', 'win', 'coin', 'exchange', 'وequipement', 'game', 'fun']"
235,Gaming and Contest,0.9639,"win, esport, internet, tn, enjoy, game, congratulation, winner, tournament, service","['play', 'pro', 'win', 'play', 'esport', 'win', 'gaming', 'equipment', 'gift']"
236,Gaming and Contest,0.9167,"win, esport, internet, tn, enjoy, game, congratulation, winner, tournament, service",['way']
237,Gaming and Contest,0.9561,"win, esport, internet, tn, enjoy, game, congratulation, winner, tournament, service","['jok', 'stay', 'connect', 'pick', 'dinar']"
238,Gaming and Contest,0.9379,"win, esport, internet, tn, enjoy, game, congratulation, winner, tournament, service","['wait', 'taste']"
239,Gaming and Contest,0.9662,"win, esport, internet, tn, enjoy, game, congratulation, winner, tournament, service","['wire', 'combo', 'enjoy', 'advance', 'dinar', 'stay', 'network', 'number']"
240,Services and Offers,0.9379,"win, play, month, year, enter, internet, dinar, like, winner, mytt","['month', 'year']"
241,Services and Offers,0.9736,"win, play, month, year, enter, internet, dinar, like, winner, mytt","['artist', 'understand', 'music', 'play', 'world', 'art', 'order', 'earn', 'dinar', 'month', 'combozi', 'enter', 'edenyafan', 'com']"
242,Gaming and Contest,0.9719,"win, esport, internet, tn, enjoy, game, congratulation, winner, tournament, service","['clue', 'prepay', 'package', 'inclusion', 'program', 'travel', 'connect', 'service', 'balance', 'solution', 'fiber', 'tunisia']"
243,Gaming and Contest,0.9538,"win, esport, internet, tn, enjoy, game, congratulation, winner, tournament, service","['let', 'fall', 'love', 'ati']"
244,Gaming and Contest,0.9336,"win, esport, internet, tn, enjoy, game, congratulation, winner, tournament, service","['substitute', 'internet']"
245,Gaming and Contest,0.9526,"win, esport, internet, tn, enjoy, game, congratulation, winner, tournament, service","['turn', 'meow', 'connect', 'internet']"
246,Services and Offers,0.9619,"win, play, month, year, enter, internet, dinar, like, winner, mytt","['win', 'chenchina', 'play', 'past', 'winner', 'profit', 'month']"
247,Services and Offers,0.9619,"win, play, month, year, enter, internet, dinar, like, winner, mytt","['telecom', 'recharge', 'appli', 'mytt', 'enjoy', 'onelink']"
248,Gaming and Contest,0.9683,"win, esport, internet, tn, enjoy, game, congratulation, winner, tournament, service","['internet', 'internet', 'wire', 'combo', 'enjoy', 'advance', 'access', 'stay', 'network', 'number']"
249,Gaming and Contest,0.9639,"win, esport, internet, tn, enjoy, game, congratulation, winner, tournament, service","['congratulation', 'winner', 'participate', 'win', 'esport', 'tournament', 'tn']"
250,Services and Offers,0.9681,"win, play, month, year, enter, internet, dinar, like, winner, mytt","['like', 'win', 'month', 'participate', 'saga', 'quiz', 'answer', 'question', 'celebrate', 'win']"
251,Services and Offers,0.9624,"win, play, month, year, enter, internet, dinar, like, winner, mytt","['team', 'bash', 'today', 'face', 'team', 'match', 'tunis', 'telecom', 'supporter', 'team']"
252,Services and Offers,0.9563,"win, play, month, year, enter, internet, dinar, like, winner, mytt","['control', 'internet', 'password', 'joke', 'tt']"
253,Services and Offers,0.9532,"win, play, month, year, enter, internet, dinar, like, winner, mytt","['internet', 'like', 'share', 'number']"
254,Gaming and Contest,0.9722,"win, esport, internet, tn, enjoy, game, congratulation, winner, tournament, service","['tunisian', 'unite', 'hero', 'support', 'minute', 'sake', 'world', 'voice', 'bologna', 'telecom', 'supporter', 'team']"
255,Services and Offers,0.9637,"win, play, month, year, enter, internet, dinar, like, winner, mytt","['offer', 'connection', 'account', 'internet', 'month', 'start', 'dinar']"
256,Gaming and Contest,0.9501,"win, esport, internet, tn, enjoy, game, congratulation, winner, tournament, service","['curve', 'win', 'recharge', 'phone']"
257,Gaming and Contest,0.9641,"win, esport, internet, tn, enjoy, game, congratulation, winner, tournament, service","['song', 'dattente', 'service', 'choose', 'song', 'like', 'sheikh', 'talk', 'music']"
258,Gaming and Contest,0.9677,"win, esport, internet, tn, enjoy, game, congratulation, winner, tournament, service","['esport', 'tn', 'plug', 'win', 'coin', 'exchange', 'وequipement', 'game', 'fun']"
259,Services and Offers,0.9478,"win, play, month, year, enter, internet, dinar, like, winner, mytt","['artist', 'try', 'reveal']"
260,Services and Offers,0.9532,"win, play, month, year, enter, internet, dinar, like, winner, mytt","['internet', 'like', 'share', 'number']"
261,Gaming and Contest,0.9722,"win, esport, internet, tn, enjoy, game, congratulation, winner, tournament, service","['tunisian', 'unite', 'hero', 'support', 'minute', 'sake', 'world', 'voice', 'bologna', 'telecom', 'supporter', 'team']"
262,Gaming and Contest,0.9637,"win, esport, internet, tn, enjoy, game, congratulation, winner, tournament, service","['offer', 'connection', 'account', 'internet', 'month', 'start', 'dinar']"
263,Gaming and Contest,0.9501,"win, esport, internet, tn, enjoy, game, congratulation, winner, tournament, service","['curve', 'win', 'recharge', 'phone']"
264,Gaming and Contest,0.9641,"win, esport, internet, tn, enjoy, game, congratulation, winner, tournament, service","['song', 'dattente', 'service', 'choose', 'song', 'like', 'sheikh', 'talk', 'music']"
265,Gaming and Contest,0.9677,"win, esport, internet, tn, enjoy, game, congratulation, winner, tournament, service","['esport', 'tn', 'plug', 'win', 'coin', 'exchange', 'وequipement', 'game', 'fun']"
266,Services and Offers,0.9478,"win, play, month, year, enter, internet, dinar, like, winner, mytt","['artist', 'try', 'reveal']"
267,Services and Offers,0.9656,"win, play, month, year, enter, internet, dinar, like, winner, mytt","['send', 'wd', 'enjoy', 'music', 'service', 'digster', 'day', 'subscription']"
268,Services and Offers,0.9359,"win, play, month, year, enter, internet, dinar, like, winner, mytt","['offer', 'barca']"
269,Gaming and Contest,0.9645,"win, esport, internet, tn, enjoy, game, congratulation, winner, tournament, service","['club', 'privilege', 'discount', 'desire', 'https', 'bit', 'wtk']"
270,Services and Offers,0.9167,"win, play, month, year, enter, internet, dinar, like, winner, mytt",['team']
271,Services and Offers,0.9626,"win, play, month, year, enter, internet, dinar, like, winner, mytt","['like', 'win', 'horror', 'month', 'answer', 'question', 'hopefully']"
272,Gaming and Contest,0.9605,"win, esport, internet, tn, enjoy, game, congratulation, winner, tournament, service","['increase', 'knowledge', 'day', 'enjoy', 'udaily', 'service']"
273,Services and Offers,0.9709,"win, play, month, year, enter, internet, dinar, like, winner, mytt","['season', 'champion', 'start', 'year', 'qualify', 'final', 'tournament', 'wish', 'luck', 'rest', 'comment']"
274,Gaming and Contest,0.9379,"win, esport, internet, tn, enjoy, game, congratulation, winner, tournament, service","['phone', 'come']"
275,Services and Offers,0.9637,"win, play, month, year, enter, internet, dinar, like, winner, mytt","['offer', 'speak', 'account', 'communication', 'month', 'start', 'dinar']"
276,Services and Offers,0.941,"win, play, month, year, enter, internet, dinar, like, winner, mytt","['play', 'tounsi', 'win']"
277,Gaming and Contest,0.938,"win, esport, internet, tn, enjoy, game, congratulation, winner, tournament, service","['sim', 'photography']"
278,Services and Offers,0.9528,"win, play, month, year, enter, internet, dinar, like, winner, mytt","['cambodian', 'enjoy', 'story', 'abdul']"
279,Services and Offers,0.9626,"win, play, month, year, enter, internet, dinar, like, winner, mytt","['equation', 'turn', 'win', 'year', 'dinar', 'month', 'game']"
280,Services and Offers,0.938,"win, play, month, year, enter, internet, dinar, like, winner, mytt","['rank', 'work']"
281,Gaming and Contest,0.9575,"win, esport, internet, tn, enjoy, game, congratulation, winner, tournament, service","['phone', 'release', 'camera', 'megapixel', 'game']"
282,Gaming and Contest,0.9683,"win, esport, internet, tn, enjoy, game, congratulation, winner, tournament, service","['esport', 'tn', 'bladder', 'win', 'coin', 'exchange', 'تبدequipement', 'fun', 'gaming', 'ement']"
283,Gaming and Contest,0.9594,"win, esport, internet, tn, enjoy, game, congratulation, winner, tournament, service","['internet', 'win', 'fast', 'ball', 'sum', 'mb', 'mb', 'offer']"
284,Services and Offers,0.9373,"win, play, month, year, enter, internet, dinar, like, winner, mytt","['program', 'vacation']"
285,Gaming and Contest,0.9639,"win, esport, internet, tn, enjoy, game, congratulation, winner, tournament, service","['play', 'pro', 'win', 'play', 'esport', 'win', 'gaming', 'equipment', 'gift']"
286,Services and Offers,0.9698,"win, play, month, year, enter, internet, dinar, like, winner, mytt","['lesson', 'exercise', 'include', 'fix', 'revision', 'child', 'service', 'code', 'log', 'com']"
287,Services and Offers,0.9729,"win, play, month, year, enter, internet, dinar, like, winner, mytt","['reviewing', 'child', 'play', 'service', 'come', 'lesson', 'exercise', 'include', 'improvement', 'activate', 'code', 'enter', 'com']"
288,Services and Offers,0.9166,"win, play, month, year, enter, internet, dinar, like, winner, mytt",['share']
289,Gaming and Contest,0.9707,"win, esport, internet, tn, enjoy, game, congratulation, winner, tournament, service","['teach', 'child', 'play', 'believe', 'way', 'learn', 'create', 'application', 'tilechargy', 'application', 'app', 'store', 'play', 'store']"
290,Services and Offers,0.9377,"win, play, month, year, enter, internet, dinar, like, winner, mytt","['thing', 'holiday']"
291,Services and Offers,0.96,"win, play, month, year, enter, internet, dinar, like, winner, mytt","['helmet', 'bash', 'celebrate', 'year', 'espace', 'helmet', 'internet', 'dinar']"
292,Services and Offers,0.9714,"win, play, month, year, enter, internet, dinar, like, winner, mytt","['fibre', 'rapido', 'connect', 'connection', 'referral', 'friend', 'win', 'wifi', 'speaker', 'enjoy', 'offer', 'espace']"
293,Gaming and Contest,0.9634,"win, esport, internet, tn, enjoy, game, congratulation, winner, tournament, service","['congratulation', 'winner', 'win', 'game', 'win', 'cash', 'divide', 'million']"
294,Gaming and Contest,0.966,"win, esport, internet, tn, enjoy, game, congratulation, winner, tournament, service","['travel', 'way', 'بالـle', 'roam', 'datum', 'combo', 'start', 'dinar']"
295,Gaming and Contest,0.9367,"win, esport, internet, tn, enjoy, game, congratulation, winner, tournament, service","['tell', 'company']"
296,Gaming and Contest,0.9455,"win, esport, internet, tn, enjoy, game, congratulation, winner, tournament, service","['enjoy', 'access', 'game']"
297,Gaming and Contest,0.9645,"win, esport, internet, tn, enjoy, game, congratulation, winner, tournament, service","['club', 'privilege', 'discount', 'desire', 'https', 'bit', 'wtk']"
298,Services and Offers,0.9167,"win, play, month, year, enter, internet, dinar, like, winner, mytt",['team']
299,Services and Offers,0.9626,"win, play, month, year, enter, internet, dinar, like, winner, mytt","['like', 'win', 'horror', 'month', 'answer', 'question', 'hopefully']"
300,Gaming and Contest,0.9605,"win, esport, internet, tn, enjoy, game, congratulation, winner, tournament, service","['increase', 'knowledge', 'day', 'enjoy', 'udaily', 'service']"
301,Services and Offers,0.9709,"win, play, month, year, enter, internet, dinar, like, winner, mytt","['season', 'champion', 'start', 'year', 'qualify', 'final', 'tournament', 'wish', 'luck', 'rest', 'comment']"
302,Gaming and Contest,0.9379,"win, esport, internet, tn, enjoy, game, congratulation, winner, tournament, service","['phone', 'come']"
303,Services and Offers,0.9637,"win, play, month, year, enter, internet, dinar, like, winner, mytt","['offer', 'speak', 'account', 'communication', 'month', 'start', 'dinar']"
304,Services and Offers,0.941,"win, play, month, year, enter, internet, dinar, like, winner, mytt","['play', 'tounsi', 'win']"
305,Gaming and Contest,0.938,"win, esport, internet, tn, enjoy, game, congratulation, winner, tournament, service","['sim', 'photography']"
306,Gaming and Contest,0.9528,"win, esport, internet, tn, enjoy, game, congratulation, winner, tournament, service","['cambodian', 'enjoy', 'story', 'abdul']"
307,Gaming and Contest,0.9166,"win, esport, internet, tn, enjoy, game, congratulation, winner, tournament, service",['word']
308,Services and Offers,0.9776,"win, play, month, year, enter, internet, dinar, like, winner, mytt","['application', 'student', 'challenge', 'hold', 'year', 'laico', 'hotel', 'th', 'edition', 'day', 'form', 'immediately', 'let', 'secure', 'https', 'lnkd', 'contact', 'information', 'registration']"
309,Gaming and Contest,0.9639,"win, esport, internet, tn, enjoy, game, congratulation, winner, tournament, service","['congratulation', 'winner', 'participate', 'win', 'esport', 'tournament', 'tn']"
310,Services and Offers,0.9673,"win, play, month, year, enter, internet, dinar, like, winner, mytt","['equation', 'appear', 'celebrate', 'gift', 'year', 'dinar', 'month', 'profit', 'game']"
311,Gaming and Contest,0.9633,"win, esport, internet, tn, enjoy, game, congratulation, winner, tournament, service","['bring', 'word', 'receive', 'gift', 'dinar', 'month', 'game']"
312,Gaming and Contest,0.9166,"win, esport, internet, tn, enjoy, game, congratulation, winner, tournament, service",['word']
313,Services and Offers,0.9776,"win, play, month, year, enter, internet, dinar, like, winner, mytt","['application', 'student', 'challenge', 'hold', 'year', 'laico', 'hotel', 'th', 'edition', 'day', 'form', 'immediately', 'let', 'secure', 'https', 'lnkd', 'contact', 'information', 'registration']"
314,Gaming and Contest,0.9639,"win, esport, internet, tn, enjoy, game, congratulation, winner, tournament, service","['congratulation', 'winner', 'participate', 'win', 'esport', 'tournament', 'tn']"
315,Services and Offers,0.9673,"win, play, month, year, enter, internet, dinar, like, winner, mytt","['equation', 'appear', 'celebrate', 'gift', 'year', 'dinar', 'month', 'profit', 'game']"
316,Gaming and Contest,0.9633,"win, esport, internet, tn, enjoy, game, congratulation, winner, tournament, service","['bring', 'word', 'receive', 'gift', 'dinar', 'month', 'game']"
317,Services and Offers,0.9629,"win, play, month, year, enter, internet, dinar, like, winner, mytt","['congratulation', 'play', 'win', 'follow', 'participate', 'win', 'gift', 'competition']"
318,Services and Offers,0.9474,"win, play, month, year, enter, internet, dinar, like, winner, mytt","['telecom', 'wish', 'year']"
319,Services and Offers,0.9608,"win, play, month, year, enter, internet, dinar, like, winner, mytt","['turn', 'earn', 'recharge', 'dinar', 'month', 'game']"
320,Services and Offers,0.9675,"win, play, month, year, enter, internet, dinar, like, winner, mytt","['congratulation', 'win', 'participant', 'enter', 'lottery', 'win', 'subscription', 'follow', 'participate', 'win', 'competition']"
321,Services and Offers,0.9626,"win, play, month, year, enter, internet, dinar, like, winner, mytt","['equation', 'turn', 'win', 'year', 'dinar', 'month', 'game']"
322,Services and Offers,0.938,"win, play, month, year, enter, internet, dinar, like, winner, mytt","['rank', 'work']"
323,Gaming and Contest,0.9575,"win, esport, internet, tn, enjoy, game, congratulation, winner, tournament, service","['phone', 'release', 'camera', 'megapixel', 'game']"
324,Gaming and Contest,0.9683,"win, esport, internet, tn, enjoy, game, congratulation, winner, tournament, service","['esport', 'tn', 'bladder', 'win', 'coin', 'exchange', 'تبدequipement', 'fun', 'gaming', 'ement']"
325,Gaming and Contest,0.9639,"win, esport, internet, tn, enjoy, game, congratulation, winner, tournament, service","['congratulation', 'winner', 'participate', 'win', 'esport', 'tournament', 'tn']"
326,Gaming and Contest,0.9662,"win, esport, internet, tn, enjoy, game, congratulation, winner, tournament, service","['wire', 'combo', 'enjoy', 'advance', 'dinar', 'stay', 'network', 'number']"
327,Services and Offers,0.9637,"win, play, month, year, enter, internet, dinar, like, winner, mytt","['offer', 'connection', 'account', 'internet', 'month', 'start', 'dinar']"
328,Services and Offers,0.9376,"win, play, month, year, enter, internet, dinar, like, winner, mytt","['tech', 'lover']"
329,Services and Offers,0.9637,"win, play, month, year, enter, internet, dinar, like, winner, mytt","['offer', 'speak', 'account', 'communication', 'month', 'start', 'dinar']"
330,Services and Offers,0.9643,"win, play, month, year, enter, internet, dinar, like, winner, mytt","['profit', 'gift', 'spin', 'wheel', 'charge', 'mytt', 'honey']"
331,Gaming and Contest,0.9511,"win, esport, internet, tn, enjoy, game, congratulation, winner, tournament, service","['send', 'internet', 'service', 'transfer']"
332,Gaming and Contest,0.9442,"win, esport, internet, tn, enjoy, game, congratulation, winner, tournament, service","['cambodian', 'win', 'cash']"
333,Gaming and Contest,0.9695,"win, esport, internet, tn, enjoy, game, congratulation, winner, tournament, service","['congratulation', 'play', 'win', 'مب', 'participate', 'win', 'jeu', 'spin', 'wheel', 'recharge', 'mytt', 'honey']"
334,Gaming and Contest,0.9639,"win, esport, internet, tn, enjoy, game, congratulation, winner, tournament, service","['play', 'pro', 'win', 'play', 'esport', 'win', 'gaming', 'equipment', 'gift']"
335,Services and Offers,0.9166,"win, play, month, year, enter, internet, dinar, like, winner, mytt",['share']
336,Gaming and Contest,0.9707,"win, esport, internet, tn, enjoy, game, congratulation, winner, tournament, service","['teach', 'child', 'play', 'believe', 'way', 'learn', 'create', 'application', 'tilechargy', 'application', 'app', 'store', 'play', 'store']"
337,Services and Offers,0.9377,"win, play, month, year, enter, internet, dinar, like, winner, mytt","['thing', 'holiday']"
338,Services and Offers,0.96,"win, play, month, year, enter, internet, dinar, like, winner, mytt","['helmet', 'bash', 'celebrate', 'year', 'espace', 'helmet', 'internet', 'dinar']"
339,Services and Offers,0.9714,"win, play, month, year, enter, internet, dinar, like, winner, mytt","['fibre', 'rapido', 'connect', 'connection', 'referral', 'friend', 'win', 'wifi', 'speaker', 'enjoy', 'offer', 'espace']"
340,Gaming and Contest,0.9634,"win, esport, internet, tn, enjoy, game, congratulation, winner, tournament, service","['congratulation', 'winner', 'win', 'game', 'win', 'cash', 'divide', 'million']"
341,Gaming and Contest,0.966,"win, esport, internet, tn, enjoy, game, congratulation, winner, tournament, service","['travel', 'way', 'بالـle', 'roam', 'datum', 'combo', 'start', 'dinar']"
342,Gaming and Contest,0.9367,"win, esport, internet, tn, enjoy, game, congratulation, winner, tournament, service","['tell', 'company']"
343,Gaming and Contest,0.9455,"win, esport, internet, tn, enjoy, game, congratulation, winner, tournament, service","['enjoy', 'access', 'game']"
344,Services and Offers,0.9716,"win, play, month, year, enter, internet, dinar, like, winner, mytt","['like', 'buy', 'internet', 'minute', 'price', 'mala', 'activate', 'loption', 'hadranet', 'enjoy', 'app', 'tt']"
345,Services and Offers,0.9575,"win, play, month, year, enter, internet, dinar, like, winner, mytt","['instead', 'point', 'kelma', 'choose', 'gift']"
346,Gaming and Contest,0.9645,"win, esport, internet, tn, enjoy, game, congratulation, winner, tournament, service","['register', 'play', 'win', 'coin', 'exchange', 'gaming', 'equipment', 'جم']"
347,Services and Offers,0.971,"win, play, month, year, enter, internet, dinar, like, winner, mytt","['congratulation', 'winner', 'win', 'recharge', 'card', 'follow', 'mytt', 'spin', 'wheel', 'win', 'gift', 'tt']"
348,Gaming and Contest,0.9697,"win, esport, internet, tn, enjoy, game, congratulation, winner, tournament, service","['congratulation', 'win', 'win', 'subscribe', 'sport', 'follow', 'mytt', 'spin', 'wheel', 'win', 'gift', 'tt']"
349,Gaming and Contest,0.9543,"win, esport, internet, tn, enjoy, game, congratulation, winner, tournament, service","['esport', 'tn', 'helmet', 'win', 'تر']"
350,Gaming and Contest,0.9538,"win, esport, internet, tn, enjoy, game, congratulation, winner, tournament, service","['write', 'comment', 'tell', 'plan']"
351,Gaming and Contest,0.9671,"win, esport, internet, tn, enjoy, game, congratulation, winner, tournament, service","['occasion', 'superiority', 'team', 'dinar', 'win', 'trip', 'people', 'cash', 'win', 'game']"
352,Services and Offers,0.9695,"win, play, month, year, enter, internet, dinar, like, winner, mytt","['telecom', 'cash', 'profit', 'trip', 'people', 'charge', 'dinar', 'enter', 'lottery', 'winner']"
353,Gaming and Contest,0.9538,"win, esport, internet, tn, enjoy, game, congratulation, winner, tournament, service","['write', 'comment', 'tell', 'plan']"
354,Gaming and Contest,0.9671,"win, esport, internet, tn, enjoy, game, congratulation, winner, tournament, service","['occasion', 'superiority', 'team', 'dinar', 'win', 'trip', 'people', 'cash', 'win', 'game']"
355,Services and Offers,0.9695,"win, play, month, year, enter, internet, dinar, like, winner, mytt","['telecom', 'cash', 'profit', 'trip', 'people', 'charge', 'dinar', 'enter', 'lottery', 'winner']"
356,Services and Offers,0.9459,"win, play, month, year, enter, internet, dinar, like, winner, mytt","['winner', 'winner', 'congratulation', 'victory']"
357,Services and Offers,0.9505,"win, play, month, year, enter, internet, dinar, like, winner, mytt","['slave', 'comment', 'honey', 'win']"
358,Services and Offers,0.9709,"win, play, month, year, enter, internet, dinar, like, winner, mytt","['watch', 'atmosphere', 'win', 'ceremony', 'saga', 'quiz', 'congratulation', 'winner', 'win', 'value', 'cash', 'reach', 'dinar']"
359,Services and Offers,0.9747,"win, play, month, year, enter, internet, dinar, like, winner, mytt","['congratulation', 'winner', 'winner', 'remind', 'abonne', 'waffi', 'foot', 'bash', 'enter', 'lottery', 'win', 'sport', 'abonnement', 'waffi', 'information', 'link', 'bit', 'fbnmsa']"
360,Services and Offers,0.9681,"win, play, month, year, enter, internet, dinar, like, winner, mytt","['congratulation', 'winner', 'win', 'follow', 'mytt', 'spin', 'wheel', 'win', 'gift', 'tt']"
361,Services and Offers,0.9753,"win, play, month, year, enter, internet, dinar, like, winner, mytt","['congratulation', 'winner', 'game', 'recharge', 'world', 'cup', 'come', 'receive', 'prize', 'pack', 'win', 'world', 'cup', 'tv', 'netbox', 'add', 'receptor', 'bein', 'sport', 'subscription', 'subscription', 'world']"
362,Gaming and Contest,0.9671,"win, esport, internet, tn, enjoy, game, congratulation, winner, tournament, service","['watch', 'comfort', 'world', 'netbox', 'enjoy', 'discount', 'datum', 'forfait', 'gb']"
363,Services and Offers,0.9767,"win, play, month, year, enter, internet, dinar, like, winner, mytt","['guarantee', 'victory', 'world', 'abonee', 'waffi', 'foot', 'bash', 'enter', 'lottery', 'win', 'box', 'sport', 'abonnement', 'waffi', 'reach', 'year', 'information', 'lien', 'bit', 'ydjwaffitt']"
364,Services and Offers,0.9673,"win, play, month, year, enter, internet, dinar, like, winner, mytt","['في', 'uae', 'roam', 'pass', 'start', 'dinar', 'akahu', 'les', 'moment']"
365,Gaming and Contest,0.9598,"win, esport, internet, tn, enjoy, game, congratulation, winner, tournament, service","['world', 'cup', 'win', 'sum', 'price', 'connection']"
366,Services and Offers,0.9698,"win, play, month, year, enter, internet, dinar, like, winner, mytt","['today', 'win', 'internet', 'forfait', 'et', 'tt', 'information', 'link', 'bit', 'ly', 'ydjfftt']"
367,Services and Offers,0.9625,"win, play, month, year, enter, internet, dinar, like, winner, mytt","['tunisie', 'telecom', 'connectivity', 'leader', 'ensure', 'connectivity', 'innovation', 'reliability']"
368,Services and Offers,0.9698,"win, play, month, year, enter, internet, dinar, like, winner, mytt","['today', 'win', 'internet', 'forfait', 'et', 'tt', 'information', 'link', 'bit', 'ly', 'ydjfftt']"
369,Services and Offers,0.9625,"win, play, month, year, enter, internet, dinar, like, winner, mytt","['tunisie', 'telecom', 'connectivity', 'leader', 'ensure', 'connectivity', 'innovation', 'reliability']"
370,Gaming and Contest,0.9534,"win, esport, internet, tn, enjoy, game, congratulation, winner, tournament, service","['watch', 'spot', 'bit', 'yadohajeyin']"
371,Services and Offers,0.9802,"win, play, month, year, enter, internet, dinar, like, winner, mytt","['pedal', 'metaverse', 'discover', 'djerba', 'story', 'experience', 'offer', 'tunisie', 'telecom', 'collaboration', 'partner', 'mouvment', 'th', 'summit', 'sommet', 'come', 'day', 'village', 'entrance', 'houmet', 'essouk', 'test', 'tts', 'connect', 'bike']"
372,Services and Offers,0.9681,"win, play, month, year, enter, internet, dinar, like, winner, mytt","['honor', 'commitment', 'ensure', 'connectivity', 'world', 'event', 'performance', 'band', 'connection']"
373,Gaming and Contest,0.9658,"win, esport, internet, tn, enjoy, game, congratulation, winner, tournament, service","['operator', 'test', 'summit', 'test', 'concern', 'village', 'essouk', 'medium', 'center']"
374,Gaming and Contest,0.975,"win, esport, internet, tn, enjoy, game, congratulation, winner, tournament, service","['telecom', 'bring', 'performance', 'potential', 'experiment', 'life', 'sommet', 'appointment', 'experience', 'champion', 'gaming', 'reality', 'multiplayer', 'time', 'streaming']"
375,Services and Offers,0.9717,"win, play, month, year, enter, internet, dinar, like, winner, mytt","['trip', 'like', 'connect', 'tunis', 'telecom', 'protection', 'pass', 'roam', 'datum', 'start', 'dinar', 'buy']"
376,Services and Offers,0.958,"win, play, month, year, enter, internet, dinar, like, winner, mytt","['congratulation', 'winner', 'win', 'voyage', 'bash', 'attend']"
377,Gaming and Contest,0.9734,"win, esport, internet, tn, enjoy, game, congratulation, winner, tournament, service","['progress', 'understand', 'health', 'thing', 'world', 'improve', 'health', 'service', 'tower', 'tip', 'specialist', 'field', 'combo', 'enjoy', 'day', 'blush']"
378,Services and Offers,0.9758,"win, play, month, year, enter, internet, dinar, like, winner, mytt","['like', 'pass', 'offer', 'world', 'cup', 'pack', 'price', 'dinar', 'include', 'smartphone', 'internet', 'information', 'visit', 'link', 'https', 'bit', 'ny']"
379,Services and Offers,0.9681,"win, play, month, year, enter, internet, dinar, like, winner, mytt","['like', 'win', 'month', 'participate', 'saga', 'quiz', 'answer', 'question', 'celebrate', 'win']"
380,Services and Offers,0.9731,"win, play, month, year, enter, internet, dinar, like, winner, mytt","['like', 'cogina', 'application', 'receette', 'recipe', 'bash', 'taste', 'classify', 'hand', 'download', 'app', 'play', 'store']"
381,Gaming and Contest,0.9785,"win, esport, internet, tn, enjoy, game, congratulation, winner, tournament, service","['telecom', 'tawer', 'develop', 'cooperation', 'soul', 'adopt', 'idea', 'offer', 'content', 'tell', 'develop', 'soul', 'world', 'way', 'lot', 'topic', 'story', 'wait', 'kampuzi', 'subscribe', 'improve', 'life', 'subscription', 'enjoy', 'day']"
382,Gaming and Contest,0.9744,"win, esport, internet, tn, enjoy, game, congratulation, winner, tournament, service","['teach', 'base', 'help', 'seduce', 'world', 'eye', 'service', 'tower', 'need', 'village', 'raise', 'child', 'enjoy', 'day', 'blush']"
383,Gaming and Contest,0.9528,"win, esport, internet, tn, enjoy, game, congratulation, winner, tournament, service","['cambodian', 'enjoy', 'story', 'abdul']"
384,Gaming and Contest,0.9705,"win, esport, internet, tn, enjoy, game, congratulation, winner, tournament, service","['congratulation', 'datum', 'les', 'forfait', 'price', 'enjoy', 'discount', 'datum', 'appli', 'mytt', 'buy', 'giga', 'dinar']"
385,Gaming and Contest,0.9515,"win, esport, internet, tn, enjoy, game, congratulation, winner, tournament, service","['watch', 'stream', 'win', 'card']"
386,Gaming and Contest,0.9729,"win, esport, internet, tn, enjoy, game, congratulation, winner, tournament, service","['travel', 'deserve', 'internet', 'tuni', 'responsibility', 'pass', 'roam', 'internet', 'pour', 'lalgerie', 'libya', 'price', 'start', 'dinar']"
387,Services and Offers,0.6603,"win, play, month, year, enter, internet, dinar, like, winner, mytt","['sake', 'cinema', 'lover', 'tuni', 'telecom', 'sponsor', 'carthage', 'day', 'good', 'come', 'fall', 'year', 'support', 'culture', 'art', 'experience']"
388,Gaming and Contest,0.9715,"win, esport, internet, tn, enjoy, game, congratulation, winner, tournament, service","['succeed', 'relationship', 'succeed', 'answer', 'service', 'tower', 'need', 'help', 'build', 'relationship', 'basis', 'correctness', 'combo', 'enjoy', 'day', 'blush']"
389,Gaming and Contest,0.9611,"win, esport, internet, tn, enjoy, game, congratulation, winner, tournament, service","['attend', 'tournament', 'esport', 'party', 'gaming', 'gift']"
390,Gaming and Contest,0.9679,"win, esport, internet, tn, enjoy, game, congratulation, winner, tournament, service","['like', 'win', 'mala', 'participate', 'enter', 'nawin', 'combo', 'place', 'turn', 'visin']"
391,Gaming and Contest,0.9167,"win, esport, internet, tn, enjoy, game, congratulation, winner, tournament, service",['wish']
392,Gaming and Contest,0.9679,"win, esport, internet, tn, enjoy, game, congratulation, winner, tournament, service","['congratulation', 'winner', 'participate', 'win', 'pack', 'tv', 'netbox', 'sport', 'subscription', 'subscription', 'world']"
393,Gaming and Contest,0.9659,"win, esport, internet, tn, enjoy, game, congratulation, winner, tournament, service","['try', 'connection', 'feel', 'mb', 'month', 'information', 'watch', 'video']"
394,Services and Offers,0.9532,"win, play, month, year, enter, internet, dinar, like, winner, mytt","['internet', 'like', 'share', 'number']"
395,Gaming and Contest,0.9526,"win, esport, internet, tn, enjoy, game, congratulation, winner, tournament, service","['turn', 'meow', 'connect', 'internet']"
396,Services and Offers,0.9568,"win, play, month, year, enter, internet, dinar, like, winner, mytt","['today', 'return', 'number', 'internet', 'space']"
397,Gaming and Contest,0.9639,"win, esport, internet, tn, enjoy, game, congratulation, winner, tournament, service","['congratulation', 'winner', 'participate', 'win', 'esport', 'tournament', 'tn']"
398,Services and Offers,0.9737,"win, play, month, year, enter, internet, dinar, like, winner, mytt","['come', 'sfax', 'come', 'shoot', 'video', 'music', 'star', 'supporter', 'day', 'away', 'launch', 'world', 'appointment', 'giant', 'mall', 'meter', 'sfax']"
399,Services and Offers,0.9614,"win, play, month, year, enter, internet, dinar, like, winner, mytt","['combozi', 'choose', 'forfait', 'internet', 'connect', 'network']"
400,Services and Offers,0.938,"win, play, month, year, enter, internet, dinar, like, winner, mytt","['heroine', 'panther']"
401,Gaming and Contest,0.9554,"win, esport, internet, tn, enjoy, game, congratulation, winner, tournament, service","['esport', 'tn', 'helmet', 'win', 'slow']"
402,Services and Offers,0.9637,"win, play, month, year, enter, internet, dinar, like, winner, mytt","['offer', 'speak', 'account', 'communication', 'month', 'start', 'dinar']"
403,Gaming and Contest,0.9705,"win, esport, internet, tn, enjoy, game, congratulation, winner, tournament, service","['congratulation', 'datum', 'les', 'forfait', 'price', 'enjoy', 'discount', 'datum', 'appli', 'mytt', 'buy', 'giga', 'dinar']"
404,Gaming and Contest,0.9515,"win, esport, internet, tn, enjoy, game, congratulation, winner, tournament, service","['watch', 'stream', 'win', 'card']"
405,Gaming and Contest,0.9729,"win, esport, internet, tn, enjoy, game, congratulation, winner, tournament, service","['travel', 'deserve', 'internet', 'tuni', 'responsibility', 'pass', 'roam', 'internet', 'pour', 'lalgerie', 'libya', 'price', 'start', 'dinar']"
406,Services and Offers,0.6603,"win, play, month, year, enter, internet, dinar, like, winner, mytt","['sake', 'cinema', 'lover', 'tuni', 'telecom', 'sponsor', 'carthage', 'day', 'good', 'come', 'fall', 'year', 'support', 'culture', 'art', 'experience']"
407,Gaming and Contest,0.9715,"win, esport, internet, tn, enjoy, game, congratulation, winner, tournament, service","['succeed', 'relationship', 'succeed', 'answer', 'service', 'tower', 'need', 'help', 'build', 'relationship', 'basis', 'correctness', 'combo', 'enjoy', 'day', 'blush']"
408,Gaming and Contest,0.9611,"win, esport, internet, tn, enjoy, game, congratulation, winner, tournament, service","['attend', 'tournament', 'esport', 'party', 'gaming', 'gift']"
409,Gaming and Contest,0.9379,"win, esport, internet, tn, enjoy, game, congratulation, winner, tournament, service","['tunisian', 'yadohajeyin']"
410,Services and Offers,0.9331,"win, play, month, year, enter, internet, dinar, like, winner, mytt","['shoe', 'esport']"
411,Services and Offers,0.9722,"win, play, month, year, enter, internet, dinar, like, winner, mytt","['guarantee', 'match', 'win', 'pack', 'netbox', 'tv', 'sport', 'subscription', 'subscription', 'charge', 'dinar', 'th', 'enter', 'lottery']"
412,Gaming and Contest,0.9379,"win, esport, internet, tn, enjoy, game, congratulation, winner, tournament, service","['sim', 'tunisia']"
413,Gaming and Contest,0.9656,"win, esport, internet, tn, enjoy, game, congratulation, winner, tournament, service","['register', 'play', 'win', 'coin', 'win', 'exchange', 'barca', 'gaming', 'equipment']"
414,Gaming and Contest,0.9715,"win, esport, internet, tn, enjoy, game, congratulation, winner, tournament, service","['congratulation', 'winner', 'pack', 'win', 'netbox', 'tv', 'sport', 'abonne', 'subscription', 'bash', 'watch', 'match']"
415,Gaming and Contest,0.9511,"win, esport, internet, tn, enjoy, game, congratulation, winner, tournament, service","['esport', 'tn', 'helmet', 'win']"
416,Gaming and Contest,0.9785,"win, esport, internet, tn, enjoy, game, congratulation, winner, tournament, service","['telecom', 'tawer', 'develop', 'cooperation', 'soul', 'adopt', 'idea', 'offer', 'content', 'tell', 'develop', 'soul', 'world', 'way', 'lot', 'topic', 'story', 'wait', 'kampuzi', 'subscribe', 'improve', 'life', 'subscription', 'enjoy', 'day']"
417,Gaming and Contest,0.9378,"win, esport, internet, tn, enjoy, game, congratulation, winner, tournament, service","['reason', 'series']"
418,Services and Offers,0.9614,"win, play, month, year, enter, internet, dinar, like, winner, mytt","['click', 'tt', 'analize', 'line', 'http', 'onelink']"
419,Services and Offers,0.9707,"win, play, month, year, enter, internet, dinar, like, winner, mytt","['let', 'son', 'read', 'learn', 'play', 'application', 'combozi', 'bash', 'teleshergy', 'application', 'appstore', 'play', 'store']"
420,Gaming and Contest,0.938,"win, esport, internet, tn, enjoy, game, congratulation, winner, tournament, service","['sim', 'photography']"
421,Gaming and Contest,0.9543,"win, esport, internet, tn, enjoy, game, congratulation, winner, tournament, service","['stay', 'talk', 'price', 'minute']"
422,Gaming and Contest,0.9475,"win, esport, internet, tn, enjoy, game, congratulation, winner, tournament, service","['use', 'panoramic', 'photography']"
423,Gaming and Contest,0.9442,"win, esport, internet, tn, enjoy, game, congratulation, winner, tournament, service","['cambodian', 'win', 'cash']"
424,Gaming and Contest,0.978,"win, esport, internet, tn, enjoy, game, congratulation, winner, tournament, service","['telecom', 'tawer', 'develop', 'cooperation', 'soul', 'build', 'idea', 'offer', 'content', 'tell', 'develop', 'soul', 'world', 'way', 'topic', 'story', 'wait', 'kampuzi', 'subscribe', 'improve', 'life', 'subscription', 'enjoy', 'day']"
425,Gaming and Contest,0.9686,"win, esport, internet, tn, enjoy, game, congratulation, winner, tournament, service","['ehdianet', 'service', 'appli', 'mytt', 'gift', 'jewel', 'ask', 'friend', 'forfait', 'internet']"
426,Services and Offers,0.9746,"win, play, month, year, enter, internet, dinar, like, winner, mytt","['like', 'ensure', 'view', 'world', 'cup', 'pay', 'dinar', 'enter', 'draw', 'win', 'netbox', 'tv', 'sport', 'subscription', 'subscription', 'watch', 'match']"
427,Services and Offers,0.9681,"win, play, month, year, enter, internet, dinar, like, winner, mytt","['like', 'win', 'month', 'participate', 'saga', 'quiz', 'answer', 'question', 'celebrate', 'win']"
428,Services and Offers,0.9375,"win, play, month, year, enter, internet, dinar, like, winner, mytt","['movie', 'talk']"
429,Gaming and Contest,0.9357,"win, esport, internet, tn, enjoy, game, congratulation, winner, tournament, service","['combozy', 'stay']"
430,Gaming and Contest,0.9586,"win, esport, internet, tn, enjoy, game, congratulation, winner, tournament, service","['congratulation', 'winner', 'esport', 'tournament', 'tn']"
431,Services and Offers,0.9731,"win, play, month, year, enter, internet, dinar, like, winner, mytt","['like', 'cogina', 'application', 'receette', 'recipe', 'bash', 'taste', 'classify', 'hand', 'download', 'app', 'play', 'store']"
432,Services and Offers,0.9166,"win, play, month, year, enter, internet, dinar, like, winner, mytt",['case']
433,Gaming and Contest,0.9605,"win, esport, internet, tn, enjoy, game, congratulation, winner, tournament, service","['increase', 'knowledge', 'day', 'enjoy', 'udaily', 'service']"
434,Gaming and Contest,0.9659,"win, esport, internet, tn, enjoy, game, congratulation, winner, tournament, service","['reduce', 'time', 'toon', 'application', 'www', 'tunisietelecom', 'service', 'smarttoon']"
435,Services and Offers,0.9356,"win, play, month, year, enter, internet, dinar, like, winner, mytt","['year', 'tunisia']"
436,Gaming and Contest,0.9809,"win, esport, internet, tn, enjoy, game, congratulation, winner, tournament, service","['year', 'guess', 'age', 'project', 'start', 'idea', 'think', 'step', 'tunis', 'telecom', 'assist', 'north', 'south', 'achieve', 'dream', 'race', 'topic', 'integration', 'entity', 'project', 'choose', 'winner', 'win', 'prize', 'accompaniment', 'mentor', 'كون', 'waste', 'time', 'anymore', 'participate', 'race']"
437,Services and Offers,0.9648,"win, play, month, year, enter, internet, dinar, like, winner, mytt","['like', 'celebrate', 'summer', 'win', 'month', 'answer', 'question', 'hopefully']"
438,Gaming and Contest,0.9471,"win, esport, internet, tn, enjoy, game, congratulation, winner, tournament, service","['announce', 'release', 'watch']"
439,Gaming and Contest,0.9645,"win, esport, internet, tn, enjoy, game, congratulation, winner, tournament, service","['club', 'privilege', 'discount', 'desire', 'https', 'bit', 'wtk']"
440,Gaming and Contest,0.9652,"win, esport, internet, tn, enjoy, game, congratulation, winner, tournament, service","['try', 'like', 'mb', 'like', 'game', 'debit', 'enjoy', 'connexion', 'soon']"
441,Services and Offers,0.9656,"win, play, month, year, enter, internet, dinar, like, winner, mytt","['send', 'wd', 'enjoy', 'music', 'service', 'digster', 'day', 'subscription']"
442,Services and Offers,0.9569,"win, play, month, year, enter, internet, dinar, like, winner, mytt","['spread', 'metaverse', 'reach', 'come', 'year']"
443,Services and Offers,0.9757,"win, play, month, year, enter, internet, dinar, like, winner, mytt","['like', 'childhood', 'start', 'tunis', 'telecom', 'provide', 'service', 'accompany', 'review', 'subject', 'lesson', 'exercise', 'include', 'repair', 'code', 'enter', 'com']"
444,Gaming and Contest,0.9551,"win, esport, internet, tn, enjoy, game, congratulation, winner, tournament, service","['result', 'equation', 'win', 'recharge', 'phone']"
445,Services and Offers,0.9453,"win, play, month, year, enter, internet, dinar, like, winner, mytt","['rise', 'chenchina', 'month']"
446,Gaming and Contest,0.9502,"win, esport, internet, tn, enjoy, game, congratulation, winner, tournament, service","['watch', 'stream', 'win', 'clutch']"
447,Gaming and Contest,0.9717,"win, esport, internet, tn, enjoy, game, congratulation, winner, tournament, service","['congratulation', 'datum', 'package', 'price', 'enjoy', 'discount', 'forfait', 'datum', 'receive', 'appli', 'mytt', 'buy', 'giga', 'dinar']"
448,Gaming and Contest,0.9673,"win, esport, internet, tn, enjoy, game, congratulation, winner, tournament, service","['attend', 'valorant', 'tournament', 'esport', 'celebrate', 'weekend', 'gaming', 'gift', 'slow']"
449,Gaming and Contest,0.9641,"win, esport, internet, tn, enjoy, game, congratulation, winner, tournament, service","['song', 'dattente', 'service', 'choose', 'song', 'like', 'sheikh', 'talk', 'music']"
450,Gaming and Contest,0.965,"win, esport, internet, tn, enjoy, game, congratulation, winner, tournament, service","['share', 'watch', 'win', 'esport', 'tn', 'tournament', 'في', 'shirt', 'win']"
451,Gaming and Contest,0.9336,"win, esport, internet, tn, enjoy, game, congratulation, winner, tournament, service","['substitute', 'internet']"
452,Gaming and Contest,0.9511,"win, esport, internet, tn, enjoy, game, congratulation, winner, tournament, service","['send', 'internet', 'service', 'transfer']"
453,Gaming and Contest,0.9614,"win, esport, internet, tn, enjoy, game, congratulation, winner, tournament, service","['sport', 'news', 'reach', 'heart', 'event', 'demonstration']"
454,Services and Offers,0.9328,"win, play, month, year, enter, internet, dinar, like, winner, mytt","['congratulation', 'birth']"
455,Gaming and Contest,0.9639,"win, esport, internet, tn, enjoy, game, congratulation, winner, tournament, service","['play', 'pro', 'win', 'play', 'esport', 'win', 'gaming', 'equipment', 'gift']"
456,Gaming and Contest,0.9378,"win, esport, internet, tn, enjoy, game, congratulation, winner, tournament, service","['learn', 'adsl']"
457,Gaming and Contest,0.977,"win, esport, internet, tn, enjoy, game, congratulation, winner, tournament, service","['rap', 'like', 'listen', 'robot', 'like', 'place', 'turn', 'listen', 'rapur', 'day', 'order', 'participate', 'service', 'turn', 'warap', 'compose', 'hear', 'song', 'love', 'rap', 'scene', 'stream', 'lappli', 'honey']"
458,Services and Offers,0.9739,"win, play, month, year, enter, internet, dinar, like, winner, mytt","['like', 'watch', 'match', 'price', 'internet', 'waffi', 'miss', 'coupe', 'du', 'monde', 'enjoy', 'discount', 'debit', 'year', 'round']"
459,Gaming and Contest,0.9621,"win, esport, internet, tn, enjoy, game, congratulation, winner, tournament, service","['let', 'fall', 'love', 'information', 'https', 'bit']"
460,Services and Offers,0.938,"win, play, month, year, enter, internet, dinar, like, winner, mytt","['rank', 'work']"
461,Gaming and Contest,0.9541,"win, esport, internet, tn, enjoy, game, congratulation, winner, tournament, service","['congratulation', 'winner', 'esport', 'tournament']"
462,Gaming and Contest,0.9471,"win, esport, internet, tn, enjoy, game, congratulation, winner, tournament, service","['share', 'wish', 'month']"
463,Gaming and Contest,0.9455,"win, esport, internet, tn, enjoy, game, congratulation, winner, tournament, service","['enjoy', 'access', 'game']"
464,Services and Offers,0.9611,"win, play, month, year, enter, internet, dinar, like, winner, mytt","['answer', 'comment', 'section', 'enter', 'lottery', 'win', 'poster', 'poster', 'goon']"
465,Services and Offers,0.9572,"win, play, month, year, enter, internet, dinar, like, winner, mytt","['debit', 'mbps', 'mbps', 'bash', 'strengthen', 'reach', 'price']"
466,Services and Offers,0.9679,"win, play, month, year, enter, internet, dinar, like, winner, mytt","['dream', 'begin', 'come', 'raise', 'flag', 'country', 'support', 'www', 'tn']"
467,Services and Offers,0.957,"win, play, month, year, enter, internet, dinar, like, winner, mytt","['telcherji', 'bash', 'offer', 'http', 'onelink']"
468,Services and Offers,0.9637,"win, play, month, year, enter, internet, dinar, like, winner, mytt","['offer', 'speak', 'account', 'communication', 'month', 'start', 'dinar']"
469,Services and Offers,0.9786,"win, play, month, year, enter, internet, dinar, like, winner, mytt","['year', 'summer', 'win', 'cambodian', 'play', 'quiz', 'net', 'celebrate', 'present', 'day', 'trip', 'laptop', 'playstation', 'كل', 'iphone', 'add', 'million', 'cash', 'fash', 'wait', 'mix', 'profit']"
470,Gaming and Contest,0.9662,"win, esport, internet, tn, enjoy, game, congratulation, winner, tournament, service","['wire', 'combo', 'enjoy', 'advance', 'dinar', 'stay', 'network', 'number']"
471,Services and Offers,0.9167,"win, play, month, year, enter, internet, dinar, like, winner, mytt",['school']
472,Services and Offers,0.9614,"win, play, month, year, enter, internet, dinar, like, winner, mytt","['click', 'tt', 'analize', 'line', 'http', 'onelink']"
473,Gaming and Contest,0.9543,"win, esport, internet, tn, enjoy, game, congratulation, winner, tournament, service","['stay', 'talk', 'price', 'minute']"
474,Gaming and Contest,0.9442,"win, esport, internet, tn, enjoy, game, congratulation, winner, tournament, service","['cambodian', 'win', 'cash']"
475,Services and Offers,0.9377,"win, play, month, year, enter, internet, dinar, like, winner, mytt","['school', 'thing']"
476,Services and Offers,0.9736,"win, play, month, year, enter, internet, dinar, like, winner, mytt","['artist', 'understand', 'music', 'play', 'world', 'art', 'order', 'earn', 'dinar', 'month', 'combozi', 'enter', 'edenyafan', 'com']"
477,Gaming and Contest,0.9686,"win, esport, internet, tn, enjoy, game, congratulation, winner, tournament, service","['ehdianet', 'service', 'appli', 'mytt', 'gift', 'jewel', 'ask', 'friend', 'forfait', 'internet']"
478,Gaming and Contest,0.9532,"win, esport, internet, tn, enjoy, game, congratulation, winner, tournament, service","['congratulation', 'winner', 'win', 'esport']"
479,Services and Offers,0.9369,"win, play, month, year, enter, internet, dinar, like, winner, mytt","['comment', 'comment', 'win', 'recharge']"
480,Gaming and Contest,0.9682,"win, esport, internet, tn, enjoy, game, congratulation, winner, tournament, service","['play', 'tunisie', 'telecom', 'saga', 'quiz', 'send', 'sms', 'answer', 'correctly', 'win']"
481,Services and Offers,0.9464,"win, play, month, year, enter, internet, dinar, like, winner, mytt","['play', 'earn', 'coin']"
482,Services and Offers,0.9628,"win, play, month, year, enter, internet, dinar, like, winner, mytt","['start', 'th', 'debit', 'mbps', 'mbps', 'bash', 'strengthen', 'reach', 'price']"
483,Gaming and Contest,0.9628,"win, esport, internet, tn, enjoy, game, congratulation, winner, tournament, service","['slow', 'bash', 'expose', 'game', 'friend', 'esport', 'tn']"
484,Services and Offers,0.938,"win, play, month, year, enter, internet, dinar, like, winner, mytt","['difference', 'picture']"
485,Gaming and Contest,0.9613,"win, esport, internet, tn, enjoy, game, congratulation, winner, tournament, service","['share', 'watch', 'win', 'esport', 'tn', 'enjoy', 'brawlhalla']"
